{"cameraMode":{"drawMode":0,"name":"Shaded","section":"Shading Mode"},"sceneLighting":true,"audioPlay":false,"sceneViewState":{"showFog":false,"showMaterialUpdate":false,"showSkybox":false,"showFlares":false,"showImageEffects":false,"showParticleSystems":false},"in2DMode":false,"pivot":{"x":56.30552673339844,"y":26.031333923339845,"z":134.21600341796876},"rotation":{"x":0.36535415053367617,"y":0.09268069267272949,"z":-0.03654870390892029,"w":0.9257128238677979},"size":16.663875579833986,"orthographic":false}