{"cameraMode":{"drawMode":0,"name":"Shaded","section":"Shading Mode"},"sceneLighting":true,"audioPlay":false,"sceneViewState":{"showFog":false,"showMaterialUpdate":false,"showSkybox":false,"showFlares":false,"showImageEffects":false,"showParticleSystems":false},"in2DMode":false,"pivot":{"x":164.60679626464845,"y":74.48965454101563,"z":270.40985107421877},"rotation":{"x":0.47468143701553347,"y":0.298427015542984,"z":-0.17516525089740754,"w":0.8094978928565979},"size":231.2738494873047,"orthographic":false}