{"cameraMode":{"drawMode":0,"name":"Shaded","section":"Shading Mode"},"sceneLighting":false,"audioPlay":false,"sceneViewState":{"showFog":true,"showMaterialUpdate":false,"showSkybox":false,"showFlares":true,"showImageEffects":true,"showParticleSystems":true},"in2DMode":false,"pivot":{"x":41.99158477783203,"y":22.724994659423829,"z":137.6511688232422},"rotation":{"x":0.28073838353157046,"y":0.17350254952907563,"z":-0.05187564715743065,"w":0.9426164627075195},"size":2.550051212310791,"orthographic":false}