{"cameraMode":{"drawMode":0,"name":"Shaded","section":"Shading Mode"},"sceneLighting":true,"audioPlay":false,"sceneViewState":{"showFog":false,"showMaterialUpdate":false,"showSkybox":false,"showFlares":false,"showImageEffects":false,"showParticleSystems":false},"in2DMode":false,"pivot":{"x":201.47006225585938,"y":78.72344970703125,"z":211.36521911621095},"rotation":{"x":0.5354276895523071,"y":0.16061028838157655,"z":-0.104486845433712,"w":0.8227748870849609},"size":142.00344848632813,"orthographic":false}