{"cameraMode":{"drawMode":0,"name":"Shaded","section":"Shading Mode"},"sceneLighting":false,"audioPlay":false,"sceneViewState":{"showFog":true,"showMaterialUpdate":false,"showSkybox":false,"showFlares":true,"showImageEffects":true,"showParticleSystems":true},"in2DMode":false,"pivot":{"x":43.470245361328128,"y":22.1461238861084,"z":134.22157287597657},"rotation":{"x":0.08580374717712403,"y":0.6621490716934204,"z":-0.07694312185049057,"w":0.7405472993850708},"size":4.950051784515381,"orthographic":false}