{"cameraMode":{"drawMode":0,"name":"Shaded","section":"Shading Mode"},"sceneLighting":true,"audioPlay":false,"sceneViewState":{"showFog":false,"showMaterialUpdate":false,"showSkybox":false,"showFlares":false,"showImageEffects":false,"showParticleSystems":false},"in2DMode":false,"pivot":{"x":24.060396194458009,"y":18.403106689453126,"z":195.5213165283203},"rotation":{"x":0.002231807913631201,"y":0.9324950575828552,"z":-0.36156967282295229,"w":0.003830613335594535},"size":6.976113319396973,"orthographic":false}