{"cameraMode":{"drawMode":0,"name":"Shaded","section":"Shading Mode"},"sceneLighting":true,"audioPlay":false,"sceneViewState":{"showFog":false,"showMaterialUpdate":false,"showSkybox":false,"showFlares":false,"showImageEffects":false,"showParticleSystems":false},"in2DMode":false,"pivot":{"x":33.85866928100586,"y":21.435630798339845,"z":139.83279418945313},"rotation":{"x":0.5354276895523071,"y":0.16061028838157655,"z":-0.104486845433712,"w":0.8227748870849609},"size":8.501513481140137,"orthographic":false}