{"cameraMode":{"drawMode":0,"name":"Shaded","section":"Shading Mode"},"sceneLighting":false,"audioPlay":false,"sceneViewState":{"showFog":true,"showMaterialUpdate":false,"showSkybox":false,"showFlares":true,"showImageEffects":true,"showParticleSystems":true},"in2DMode":false,"pivot":{"x":40.374900817871097,"y":22.49660873413086,"z":138.57870483398438},"rotation":{"x":-0.02242552675306797,"y":-0.7319347262382507,"z":0.02420254796743393,"w":-0.6806691884994507},"size":0.4500514268875122,"orthographic":false}