{"cameraMode":{"drawMode":0,"name":"Shaded","section":"Shading Mode"},"sceneLighting":true,"audioPlay":false,"sceneViewState":{"showFog":false,"showMaterialUpdate":false,"showSkybox":false,"showFlares":false,"showImageEffects":false,"showParticleSystems":false},"in2DMode":false,"pivot":{"x":49.48181915283203,"y":19.481250762939454,"z":139.74725341796876},"rotation":{"x":0.3432573676109314,"y":-0.187687948346138,"z":0.07025399059057236,"w":0.9178051352500916},"size":15.607012748718262,"orthographic":false}