{"cameraMode":{"drawMode":0,"name":"Shaded","section":"Shading Mode"},"sceneLighting":true,"audioPlay":false,"sceneViewState":{"showFog":false,"showMaterialUpdate":false,"showSkybox":false,"showFlares":false,"showImageEffects":false,"showParticleSystems":false},"in2DMode":false,"pivot":{"x":53.19175720214844,"y":22.328125,"z":128.429443359375},"rotation":{"x":0.013553803786635399,"y":0.7038688063621521,"z":-0.013181698508560658,"w":0.7103290557861328},"size":2.586949110031128,"orthographic":true}