{"cameraMode":{"drawMode":0,"name":"Shaded","section":"Shading Mode"},"sceneLighting":true,"audioPlay":false,"sceneViewState":{"showFog":false,"showMaterialUpdate":false,"showSkybox":false,"showFlares":false,"showImageEffects":false,"showParticleSystems":false},"in2DMode":false,"pivot":{"x":51.28520584106445,"y":22.1072998046875,"z":132.95562744140626},"rotation":{"x":0.33471280336380007,"y":0.12461254745721817,"z":-0.04477851092815399,"w":0.9331594109535217},"size":3.7686927318573,"orthographic":false}