{"cameraMode":{"drawMode":0,"name":"Shaded","section":"Shading Mode"},"sceneLighting":true,"audioPlay":false,"sceneViewState":{"showFog":false,"showMaterialUpdate":false,"showSkybox":false,"showFlares":false,"showImageEffects":false,"showParticleSystems":false},"in2DMode":false,"pivot":{"x":50.216705322265628,"y":8.3018798828125,"z":150.1600799560547},"rotation":{"x":0.39578455686569216,"y":0.4421352446079254,"z":-0.2264670580625534,"w":0.7726134061813355},"size":40.223690032958987,"orthographic":false}