{"cameraMode":{"drawMode":0,"name":"Shaded","section":"Shading Mode"},"sceneLighting":true,"audioPlay":false,"sceneViewState":{"showFog":false,"showMaterialUpdate":false,"showSkybox":false,"showFlares":false,"showImageEffects":false,"showParticleSystems":false},"in2DMode":false,"pivot":{"x":52.30435562133789,"y":24.182456970214845,"z":133.00669860839845},"rotation":{"x":-0.42066168785095217,"y":0.07843950390815735,"z":-0.037049297243356708,"w":-0.9032279253005981},"size":5.038366794586182,"orthographic":false}