{"cameraMode":{"drawMode":0,"name":"Shaded","section":"Shading Mode"},"sceneLighting":true,"audioPlay":false,"sceneViewState":{"showFog":false,"showMaterialUpdate":false,"showSkybox":false,"showFlares":false,"showImageEffects":false,"showParticleSystems":false},"in2DMode":false,"pivot":{"x":40.274757385253909,"y":23.465065002441408,"z":139.7026824951172},"rotation":{"x":0.24934834241867066,"y":0.08470474928617478,"z":-0.021230492740869523,"w":0.9646236896514893},"size":4.871661186218262,"orthographic":false}