{"cameraMode":{"drawMode":0,"name":"Shaded","section":"Shading Mode"},"sceneLighting":false,"audioPlay":false,"sceneViewState":{"showFog":true,"showMaterialUpdate":false,"showSkybox":false,"showFlares":true,"showImageEffects":true,"showParticleSystems":true},"in2DMode":false,"pivot":{"x":-8.0,"y":0.7999999523162842,"z":-1.1920928955078126e-7},"rotation":{"x":-0.4725731909275055,"y":0.01771264150738716,"z":-0.00949451606720686,"w":-0.8810757994651794},"size":1.9704062938690186,"orthographic":false}