{"cameraMode":{"drawMode":0,"name":"Shaded","section":"Shading Mode"},"sceneLighting":false,"audioPlay":false,"sceneViewState":{"showFog":true,"showMaterialUpdate":false,"showSkybox":false,"showFlares":true,"showImageEffects":true,"showParticleSystems":true},"in2DMode":false,"pivot":{"x":40.94500732421875,"y":23.206298828125,"z":136.214599609375},"rotation":{"x":-0.13184651732444764,"y":-0.1989797055721283,"z":0.027073688805103303,"w":-0.9707801342010498},"size":1.4390259981155396,"orthographic":true}