{"cameraMode":{"drawMode":0,"name":"Shaded","section":"Shading Mode"},"sceneLighting":true,"audioPlay":false,"sceneViewState":{"showFog":true,"showMaterialUpdate":false,"showSkybox":true,"showFlares":true,"showImageEffects":true,"showParticleSystems":true},"in2DMode":false,"pivot":{"x":-0.9584867358207703,"y":-8.31286334991455,"z":6.15317964553833},"rotation":{"x":-0.4725731909275055,"y":0.01771264150738716,"z":-0.00949451606720686,"w":-0.8810757994651794},"size":26.840078353881837,"orthographic":false}