{"cameraMode":{"drawMode":0,"name":"Shaded","section":"Shading Mode"},"sceneLighting":true,"audioPlay":false,"sceneViewState":{"showFog":false,"showMaterialUpdate":false,"showSkybox":false,"showFlares":false,"showImageEffects":false,"showParticleSystems":false},"in2DMode":false,"pivot":{"x":44.323062896728519,"y":24.269393920898439,"z":136.3456268310547},"rotation":{"x":0.19257019460201264,"y":0.08388782292604447,"z":-0.015699194744229318,"w":0.9777244925498962},"size":7.046498775482178,"orthographic":false}