{"cameraMode":{"drawMode":0,"name":"Shaded","section":"Shading Mode"},"sceneLighting":true,"audioPlay":false,"sceneViewState":{"showFog":false,"showMaterialUpdate":false,"showSkybox":false,"showFlares":false,"showImageEffects":false,"showParticleSystems":false},"in2DMode":false,"pivot":{"x":55.198448181152347,"y":20.38465118408203,"z":128.92665100097657},"rotation":{"x":0.4432326853275299,"y":0.05037689208984375,"z":-0.025042766705155374,"w":0.8948359489440918},"size":4.095782279968262,"orthographic":false}