{"cameraMode":{"drawMode":0,"name":"Shaded","section":"Shading Mode"},"sceneLighting":false,"audioPlay":false,"sceneViewState":{"showFog":true,"showMaterialUpdate":false,"showSkybox":false,"showFlares":true,"showImageEffects":true,"showParticleSystems":true},"in2DMode":false,"pivot":{"x":-4.0,"y":0.5749999284744263,"z":-1.1920928955078126e-7},"rotation":{"x":0.09882181882858277,"y":0.6152613759040833,"z":-0.07812722027301789,"w":0.7782002687454224},"size":1.9469528198242188,"orthographic":false}