{"cameraMode":{"drawMode":0,"name":"Shaded","section":"Shading Mode"},"sceneLighting":true,"audioPlay":false,"sceneViewState":{"showFog":false,"showMaterialUpdate":false,"showSkybox":false,"showFlares":false,"showImageEffects":false,"showParticleSystems":false},"in2DMode":false,"pivot":{"x":241.10202026367188,"y":-71.9610595703125,"z":205.52362060546876},"rotation":{"x":-0.43529248237609866,"y":-0.536128044128418,"z":0.3780989348888397,"w":-0.6168355941772461},"size":249.7002716064453,"orthographic":false}