{"cameraMode":{"drawMode":0,"name":"Shaded","section":"Shading Mode"},"sceneLighting":true,"audioPlay":false,"sceneViewState":{"showFog":false,"showMaterialUpdate":false,"showSkybox":false,"showFlares":false,"showImageEffects":false,"showParticleSystems":false},"in2DMode":false,"pivot":{"x":56.81257629394531,"y":24.92827796936035,"z":126.60009765625},"rotation":{"x":-0.010627970099449158,"y":-0.5977671146392822,"z":0.0073291887529194359,"w":-0.8017549514770508},"size":5.038366794586182,"orthographic":false}