{"cameraMode":{"drawMode":0,"name":"Shaded","section":"Shading Mode"},"sceneLighting":true,"audioPlay":false,"sceneViewState":{"showFog":false,"showMaterialUpdate":false,"showSkybox":false,"showFlares":false,"showImageEffects":false,"showParticleSystems":false},"in2DMode":false,"pivot":{"x":53.19175720214844,"y":22.328125,"z":128.429443359375},"rotation":{"x":0.43398529291152956,"y":0.35149163007736208,"z":-0.18878935277462007,"w":0.8079763054847717},"size":2.586949110031128,"orthographic":true}