{"cameraMode":{"drawMode":0,"name":"Shaded","section":"Shading Mode"},"sceneLighting":true,"audioPlay":false,"sceneViewState":{"showFog":false,"showMaterialUpdate":false,"showSkybox":false,"showFlares":false,"showImageEffects":false,"showParticleSystems":false},"in2DMode":false,"pivot":{"x":42.83928298950195,"y":31.629348754882814,"z":140.98306274414063},"rotation":{"x":0.24103622138500215,"y":0.06458288431167603,"z":-0.015373747795820237,"w":0.9683982133865356},"size":17.688213348388673,"orthographic":false}