{"cameraMode":{"drawMode":0,"name":"Shaded","section":"Shading Mode"},"sceneLighting":true,"audioPlay":false,"sceneViewState":{"showFog":false,"showMaterialUpdate":false,"showSkybox":false,"showFlares":false,"showImageEffects":false,"showParticleSystems":false},"in2DMode":false,"pivot":{"x":56.03777313232422,"y":21.747901916503908,"z":131.14630126953126},"rotation":{"x":0.6759746074676514,"y":0.12861567735671998,"z":-0.12143374234437943,"w":0.7156286835670471},"size":21.981708526611329,"orthographic":false}