{"cameraMode":{"drawMode":0,"name":"Shaded","section":"Shading Mode"},"sceneLighting":true,"audioPlay":false,"sceneViewState":{"showFog":false,"showMaterialUpdate":false,"showSkybox":false,"showFlares":false,"showImageEffects":false,"showParticleSystems":false},"in2DMode":false,"pivot":{"x":193.6575927734375,"y":-104.55868530273438,"z":141.64675903320313},"rotation":{"x":0.49707674980163576,"y":0.08501464128494263,"z":-0.04899825155735016,"w":0.8623455762863159},"size":311.9888610839844,"orthographic":false}